sentiment_score,sentence_index,sentence,article_index
0.39769411087036133,1,Aunque no queramos admitirlo las nuevas plagas que están apareciendo en los cultivos de esta zona son producto del cambio de clima que se ha venido registrando aseguró Fidel Gutiérrez Gaxiola,1
0.780066728591919,2,La aparición en primera instancia del Piojo Harinoso en el algodonero y ahora el Pulgón Amarillo en el sorgo está demandando que los productores conjuntamente con las autoridades de sanidad estén alerta para evitar su establecimiento en esta región agregó el impulsor del cultivo del sorgo,1
0.39978358149528503,3,Hizo mención que los vientos huracanados que se registraron en agosto y la consecuente humedad que trajeron pudieron ser los causantes de la llegada del Pulgón que ahora está devastando al sorgo de una forma generalizada en todo el valle,1
0.6026647686958313,4,El técnico en maíz y sorgo recordó que hace dos años se presentó la plaga conocida como el Piojo Harinoso la cual hizo su presencia en la etapa final del cultivo haciendo esto que no causara graves daños aunado eso a los trabajos de erradicación que recomendaron las autoridades de Sagarpa en su momento como también las de Sanidad Vegetal,1
0.5784839987754822,5,Lo grave del caso es que ya están presentes en esta zona y que ahora lo que se tiene que hacer es buscar que no se establezcan por lo agresivas que son,1
0.75,6,Aunque los órganos oficiales como el Instituto Nacional de Investigaciones Forestales Agrícolas y Pecuarias Inifap como también la Junta de Sanidad Vegetal no han dicho nada respecto a cómo llegaron estas plagas lo más lógico es que hayan sido por los vientos atípicos que se presentaron estimó el agrónomo,1
0.4922500550746918,7,Gutiérrez Gaxiola citó que el Pulgón Amarillo es una plaga que donde llega prácticamente destroza a todo el cultivo pues se miró primeramente en Tamaulipas donde en dos años los productores no pudieron combatirlo,1
0.692307710647583,8,Luego apareció en Guanajuato donde ocurrió lo mismo y enseguida en Sinaloa donde afectó a la poca superficie que estaba sembrada revelo el especialista en granos,1
0.5930142998695374,9,Es una plaga de clima húmedo tal como el que prevalece en la región sur del Valle de San Luis razón por la que es la zona donde apareció primero y donde ha causado mayores estragos hasta ahora dijo,1
0.4898834228515625,10,Publicamos la información más relevante veraz y oportuna para impactar a la sociedad de manera positiva en la toma de decisiones y para trascender en el avance de la comunidad y sus valores,1
0.5461889505386353,11,A fin de revertir los efectos del cambio climático la Asociación Civil Pro Conservación de la Naturaleza Pronatura viene llevando a cabo el programa Adopta el Río el cual consiste en que ciudadanos se responsabilicen de una determinada superficie del Río Colorado completamente reforestada,2
0.556699275970459,12,Para llevar a cabo este programa el organismo que nació en 1981viene comprando derechos normales de agua de productores de la región Sur del Valle de Mexicali que le permitan regar las áreas que ya tiene reforestadas como la que se ubica en el lecho del Río Colorado a la altura de la colonia Camacho,2
0.41662847995758057,13,El presidente del Módulo de Riego número 22 José Antonio Zavala Guerrero dijo que esa superficie de poco más de 20 hectáreas es regada con permisos que pertenecían a usuarios del organismo que representa como también las quince unidades que están en el mismo lecho pero dentro de la jurisdicción del ejido Francisco Múgica en el kilómetro 49,2
0.8454466462135315,14,Hasta ahora este organismo protector de la naturaleza con presencia nacional está arrojando desde el mes de agosto 700 litros por segundo al lecho del Río para dar vida a la flora que han reforestado y que es a base de álamo sauz y mezquite principalmente dice el directivo del Módulo que dirigió los trabajos de nivelación de esa zona restaurada ecológicamente,2
0.6282079219818115,15,Esta área nivelada y que fue convertida en un autentico bosque cuenta con canales revestidos para irrigar perfectamente a la extensa vegetación con agua que es conducida por el Canal Revolución para después trasvasarla al Barrote que es el que finalmente la vierte a la infraestructura de conductores que ramifican los volúmenes en el seno de la zona turística,2
0.6666666865348816,16,Como es un lugar que puede ser visitado por cualquier persona que guste de la naturaleza cuenta en medio de las arboledas con espacios recreativos  para descasar cómodamente en sillas y mesas de madera a donde se puede llegar caminando o en carro por los angostos y delimitados  caminos con sauces  o álamos que para ello se plantaron,2
0.6167421340942383,17,Publicamos la información más relevante veraz y oportuna para impactar a la sociedad de manera positiva en la toma de decisiones y para trascender en el avance de la comunidad y sus valores,2
0.6351351141929626,18,Para el presidente de la Asociación Municipal de la Pequeña Propiedad el rezago que la lluvia está ocasionando en todas las actividades agrícolas es catastrófico,3
0.6305322647094727,19,Pero lo más alarmante es que el pronóstico de precipitación se extiende por varios días,3
0.6271780133247375,20,Juan Armenta Magaña refirió que el daño es general para todos los cultivos pero de manera sobresaliente para el algodonero que viene arrastrando un desfasamiento que se agudizará con la excesiva humedad que se aprecia en todas las parcelas,3
0.5540043711662292,21,Tomando en cuenta la lluvia caída durante toda la madrugada de ayer y las que se están pronosticando de forma salteada el también ex presidente del Sistema Producto Algodón estimó que las labores en el cultivo se suspenderán cuando menos 10 o 12 días para que después se haga una evaluación de los daños ocasionados,3
0.6754385828971863,22,Agregó que esta lluvia no sólo está afectando al algodonero en el retraso de la cosecha y demás labores culturales sino que también lo viene a dañar en lo económico porque además de que chorrea la fibra ésta se mancha perdiendo calidad lo que aprovechan los compradores para aplicar castigos en el precio del quintal,3
0.5282446146011353,23,Ante esta situación que se habrá de tornar difícil para todos los algodoneros el dirigente parvifundista pidió comprensión a las autoridades responsables de autorizar las prórrogas en las fechas del cultivo ya que lo sucedido son imprevistos de la naturaleza que son completamente ajenos a los productores,3
0.7352862358093262,24, Cada uno de los productores sabemos de los riesgos que representan extralimitarse de las fechas establecidas para cada una de las tareas del cultivo pero de antemano se sabe que los desfasamientos presentados son originados por los efectos del cambio climático que ya es una realidad comentó,3
0.4597315490245819,25,Como algodoneros de experiencia que son todos y que son los que hacen la fuerte inversión en el cultivo quisieran cumplir con las fechas que dicta el Instituto Nacional de Investigaciones Forestales Agrícolas y Pecuarias pero lamentablemente las condiciones meteorológicas no lo permiten ya puntualizó,3
0.6706207394599915,26,Ante esta situación el líder de los colonos ve como urgente que las fechas sean acondicionadas a las circunstancias climáticas de la región,3
0.4974597096443176,27,Publicamos la información más relevante veraz y oportuna para impactar a la sociedad de manera positiva en la toma de decisiones y para trascender en el avance de la comunidad y sus valores,3
0.6034054756164551,28,Motivados por el cambio climático que ha variado las condiciones óptimas para la siembra del algodonero productores encabezados por el presidente del Sistema Producto Gilberto Ibarra Lepe acordaron en encuentro con los titulares del Distrito de Desarrollo Rural y la Junta Local de Sanidad Vegetal solicitar el cambio de fecha para el depósito de la semilla,4
0.6401824355125427,29,En dicha reunión los productores informaron a Julio César Rodríguez Pérez y Ernesto Loera Orozco respectivamente que solicitarán por escrito se modifique el actual periodo de siembra que comprende del 15 de febrero al 31 de marzo por el del 1 de marzo al 31 de abril,4
0.704081654548645,30,Exponen los productores que las condiciones climáticas y las variedades de semillas transgénicas están exigiendo el cambio de fecha,4
0.7025962471961975,31,En la reunión que tuvo lugar en la sala de juntas del Distrito de Desarrollo Rural se planteo que el actual periodo se instituyó en 1994 obligados por la aparición de la plaga de la Mosquita blanca misma que ahora está perfectamente controlada,4
0.7402814626693726,32,En aquel entonces se hizo  historia el cambio de fecha se hizo necesario y fue una de las determinaciones para controlar la plaga que afectó tanto al campo al grado que prácticamente desapareció el cultivo en el valle,4
0.6597278714179993,33,Antes de ese cambio que se instituyó el periodo para sembrar era el que ahora se está pretendiendo Ahora las condiciones son otras y la principal es que desde hace años que los primeros días del mes de febrero se están perdiendo porque no se puede sembrar al no haber las temperaturas requeridas para ello plantearon los algodoneros,4
0.647449791431427,34,Con el periodo que ahora se está solicitando los productores estarían iniciando los trabajos de pizca a la mitad del mes de noviembre para poder hacer el desvare y el  barbecho antes de que concluya diciembre,4
0.1666666716337204,35,Las fechas de los trabajos culturales se estarían respetando tal como se hace ahora dijeron los productores asistentes,4
0.6730380058288574,36,En cuanto a las variedades transgénicas estas dan la oportunidad de dar un riego más a la planta y a la vez generan más producción en lo que es el copete que viene a conceder al productor dos o tres pacas más por hectárea,4
0.8242686986923218,37,La referida solicitud que por escrito harán los interesados será dirigida a las oficinas centrales de la Secretaría de Agricultura Ganadería Desarrollo Rural Pesca y Alimentación Sagarpa con copia al titular del Distrito de Desarrollo Rural Rodríguez Pérez,4
0.351985901594162,38,Publicamos la información más relevante veraz y oportuna para impactar a la sociedad de manera positiva en la toma de decisiones y para trascender en el avance de la comunidad y sus valores,4
0.6818181872367859,39,HERMOSILLO SONORA 05NOV2016 El incremento en la temperatura del aire genera mayor necesidad de agua en los cultivos y algunas regiones del mundo como el Valle del Yaqui dejarán de ser sitios con altos rendimientos advirtió Julio César Rodríguez CasasEl investigador y académico del Departamento de Agricultura y Ganadería de la Universidad de Sonora Unison indicó que el cambio climático afectará y modificará la fenología y productividad de diversos cultivosIndicó que eso ocasionará una disminución en los rendimientos de algunos cereales como es el caso del trigo que se cultiva en el sur de Sonora y por ende podría impactar negativamente sus inventarios a nivel globalPlanteó que ese fenómeno producirá una disminución en la cantidad de precipitación e incrementará la presencia de eventos extremos como son sequías e inundaciones en la zonas áridas mientras que en las húmedas sucederá lo inverso,5
0.6502113342285156,40,El cambio climático que puede reducir los inventarios y el incremento poblacional global afectarán la seguridad alimentaria en muchas naciones pobres por lo que seguramente aumentará la migración de la gente a otras regiones con más recursos dijoPrecisó que las zonas áridas en el mundo ocupan una tercera parte de la superficie de la tierra equivalente a 336 por ciento y en algunos países como México puede ser más de 50 por ciento de su superficieReiteró que la modificación del clima sobre el planeta pone en duda la disponibilidad de alimentos y no puede asegurarse que lo sembrado se podrá cosecharPara 2030 planteó podría haber entre 35 y 122 millones de personas sumidas en la pobreza por este fenómeno en tanto en 2050 la demanda de alimentos aumentará en 60  debido al crecimiento de la poblaciónComentó que la Organización de las Naciones Unidas para la Alimentación y la Agricultura FAO por sus siglas en inglés prevé que mil 800 millones de personas para 2025 vivan en regiones donde habrá escasez absoluta de aguaEn tanto que para 2080 el 75  de la población africana sufrirá hambrePor ello indicó será necesario que los países realicen intervenciones para mejorar el uso de agua en la agricultura difundir el conocimiento sobre el cambio climático y promover políticas para reducir los riesgos en las comunidadesAsimismo movilizar fondos para enfrentar la escasez de agua asegurar la alimentación a sus connacionales y solidarizarse con otras regiones del mundo que estén siendo afectadas,5
0.6063829660415649,41,Hermosillo Sonora DP Con el objetivo de crear el marco jurídico que garantice el derecho a un medio ambiente sano para todos los sonorenses así como lograr la adaptación al cambio climático en la entidad el diputado Emeterio Ochoa Bazúa presentó la iniciativa de Ley de Cambio Climático en el Estado de SonoraEl legislador cajemense por el Distrito local XII Ciudad Obregón Centro explicó su iniciativa busca establecer una serie de disposiciones legales tendientes a lograr la adaptación al cambio climático así como a mitigar las emisiones de gases de efecto invernadero en nuestro estadoLa iniciativa busca estar en concordancia con la obligación de garantizar el derecho a un medio ambiente sano para el desarrollo y bienestar de todas las personas establecida en el Artículo 1 de la Constitución Política del Estado de SonoraOchoa Bazúa recordó que el Plan Estatal de Desarrollo 20162021 presentado por la Gobernadora Claudia Pavlovich tiene como reto establecer políticas públicas que contribuyan a la adaptación de Sonora al cambio climático y esta iniciativa meterá el tema en un marco jurídico que no existe,6
0.570792019367218,42,El Estado no contaba con una ley que contemplara como obligación para el Estado y los Ayuntamientos poder realizar este tipo de acciones y aunque ocasionalmente se realizan actividades no hay un programa que tenga el impacto que estamos buscando aseguró el cajemenseEl legislador explicó que la iniciativa se compone de 39 artículos en los que se contempla quienes serán los responsables de implementar estas acciones y programas así como quienes van a regular el reglamento que se tendrá que formarInformó que la iniciativa que fue turnada a la Comisión de Energía Medio Ambiente y Cambio Climático se va a socializar a partir del 9 de noviembre con una serie de foros en todo el estado que estarán coordinados por Martín Barrón como responsable técnico de estos trabajos,6
0.6428571343421936,43,Esperamos que investigadores universidades académicos y la sociedad en general se involucren para que construyamos ya una vez dictaminada en comisiones esta iniciativa un marco jurídico realmente ciudadano acorde a lo que realmente queremos llegar dijo Ochoa Bazúa,6
0.6164495348930359,44,No solamente es llevar el tema añadió o decir que tenemos una Ley de Cambio Climático sino ver que regulaciones vamos a tener al respecto porque como ustedes saben hemos tenido problemas graves de contaminación provocados por las minas y otras industrias,6
0.7276784181594849,45,Mencionó que los efectos del cambio climático ya se notan en los ciclos agrícolas en las costas y en los mantos acuíferos de nuestro estado por lo que es un tema que se debe tomar en serio sobre todo por los jóvenes,6
0.4626927375793457,46,Ochoa Bazúa subrayó que la presentada este martes en una Ley general que tendrá una serie de reglamentos con sanciones más severas para evitar los desastres provocados por las fábricas por las mineras por todo lo que hombre realiza porque no podemos seguir afectando el ambiente,6
0.49137043952941895,47,Como invitados a la presentación de esta iniciativa estuvieron el delegado de Profepa Jorge Flores Monge Andrea de la Mora secretaria general del PRI Estatal Carla Neudert Córdova directora general de Cambio Climático y Promoción Ambiental del Cedes Luis Mario Rivera presidente del Partido Verde y Alberto Flores Chong titular de Protección Civil,6
0.3052811622619629,48,Hermosillo Sonora El Congreso local recibió la iniciativa de Ley de Cambio Climático en el Estado de Sonora que impulsa el marco jurídico que garantice el derecho a un medio ambiente sano para todos los sonorenses,7
0.3390519320964813,49,En un comunicado la Legislatura estatal indicó que el documento con 39 artículos prevé el establecimiento de una serie de disposiciones legales tendientes a lograr la adaptación al cambio climático y mitigar las emisiones de gases de efecto invernadero en el estado,7
0.8225806355476379,50,Agregó que el marco normativo de la Ley General de Cambio Climático incluye las medidas y perfiles de quienes serán los responsables de aplicar los programas y la normatividad que se tendrá que formar,7
0.5690696835517883,51,Informó que la iniciativa fue turnada a la Comisión de Energía Medio Ambiente y Cambio Climático y se socializará a partir del 9 de noviembre con foros en todo el estado coordinados por el meteorólogo Martín Barrón responsable técnico de estos trabajos,7
0.41758662462234497,52,Esperamos que investigadores universidades académicos y la sociedad en general se involucren para que construyamos una vez dictaminada en comisiones esta iniciativa un marco jurídico ciudadano acorde a lo que queremos llegar dijo,7
0.3360655605792999,53,Mencionó que los efectos del cambio climático ya se notan en los ciclos agrícolas en las costas y en los mantos acuíferos de la entidad por lo que es un tema que se debe tomar en serio sobre todo por los jóvenes,7
0.9347826242446899,54,Subrayó que la ley general presentada tendrá una serie de reglamentos con sanciones más severas para evitar los desastres provocados por fábricas mineras por todo lo que el hombre realiza porque no deben seguir las afectaciones al ambiente,7
0.31695428490638733,55,EI Congreso Nacional de Investigación en Cambio Climático con el tema El mundo después de París construyendo el futuro se llevará a cabo en esta ciudad en octubre próximoEl académico del Departamento de Física de la Universidad de Sonora Unison Carlos Lizárraga Celaya explicó que la institución de educación superior será sede en el noroeste del país del mencionado encuentroSe trata dijo de un evento científico en el que participarán académicos de universidades e institutos de investigación de los estados del noroeste de México como son Baja California Baja California Sur Chihuahua Durango Sinaloa y SonoraIndicó que es organizado por el Programa de Investigación en Cambio Climático Pincc de la Universidad Nacional Autónoma de México UNAM en conjunto con la Unison expuso el también presidente del comité organizador del congresoEl investigador de la Unison anotó que éste se desarrollará del 17 al 19 de octubre próximo y tendrá una orientación multidisciplinaria especialmente por abordar una diversidad de temas relativos al cambio climáticoMencionó también que la temática general incluye aspectos sobre adaptación agricultura y seguridad alimentaria agua recursos hídricos y cambio climático alternativas energéticas biodiversidad economía verde y financiamientos entre otrosAsimismo se ofrecerán temas relacionados con evidencias físicas y biológicas generación y consumo de energía vulnerabilidad de las zonas costeras eventos extremos modelación climática y económica calidad del aire e inventarios de emisionesPuntualizó que el VI Congreso Nacional de Investigación en Cambio Climático con el tema El mundo después de París construyendo el futuro se desarrolla simultáneamente en ocho sedes del país                                                         httpsnoticiasterracommundolatinoamericasonoraserasededecongresonacionalsobrecambioclimatico0861707df18eb75ed89d1b920daaa15cjsptcvb9html,8
0.5693870186805725,56,El calentamiento global en los últimos 150 años podría variar conforme lo analizado en los registros históricos por lo cual su proyección a futuro también sería distinta a lo estimado por el Panel Intergubernamental de Cambio Climático de la ONU señala un estudio de la NASA basado en el uso de modelos climáticos con datos más precisosEl estudio encabezado por Mark Richardson investigador del Laboratorio de Propulsión a Chorro de la NASA en Pasadena California indica que casi una quinta parte del calentamiento global en ese periodo de 150 años ha sido pasado por alto en los registros históricosDe acuerdo con el portal de Cambio Climático de la Administración Nacional de la Aeronáutica y del Espacio NASA por sus siglas en inglés el documento publicado en la revista Nature Climate Change indica que hasta ahora los estudios se habían basado sólo en los registros históricos de ahí que se estimaran menores tasas de calentamiento que las hechas con los modelos climáticosRichardson detalló que los modelos históricos están limitados por varios factores y en el caso del Ártico se debe a que existen pocos datos debido a lo inaccesible que había sido dicha área en el pasadoPor ello agregó al comparar modelos históricos con los actuales climáticos pareciera que los resultados arrojaran temperaturas más frías de lo que realmente han sidoSin embargo gracias a esta corrección que permite hacer una estimación con modelos climáticos a partir de cálculos precisos se ha podido corroborar que el Ártico se está calentando más rápido que el resto de la TierraEl investigador reveló que los científicos han sabido estas peculiaridades desde hace tiempo pero éste es el primer estudio que calcular el impacto del calentamiento a partir de un modelo más preciso que permite calcular manzanas con manzanas,9
0.6400719285011292,57,En ese sentido Richardson manifestó su sorpresa de cómo es que diferencias tan pequeñas entre el modelo anterior y el nuevo se sumaran para generar un efecto tan grandeEl nuevo estudio consideró también otras limitantes para medir la temperatura adecuadamente y que tienen que ver con el hecho de que las temperaturas del aire y el agua se mezclaban en los datos históricosEllo provocaba que los resultados obtenidos hasta ahora fueran sesgados debido a que el agua se calienta menos que el aire por lo que se calculaban cifras más frías de lo que en realidad se estaban generandoEl investigador expuso que al hacerse nuevamente los cálculos con modelos a largo plazo podrían descubrirse que el calentamiento global podría ser diferente a lo estimado hasta ahora por lo que es indispensable hacer una comparación justa para dar un diagnóstico más preciso                                                         httpwwwcronicacommxnotas2016975633html,9
0.5292635560035706,58,El rendimiento de los cultivos se reducirá en la próxima década debido al cambio climático a no ser que se adopten medidas inmediatas para acelerar la introducción de nuevas variedades mejoradas según advierten los expertosLa investigación liderada por la británica Universidad de Leeds y publicada ayer por Nature Climate Change  se centra en el cultivo de maíz en África pero el proceso subyacente afecta a las cosechas en todo el trópicoEn África el aumento gradual de las temperaturas las mayores sequías y las olas de calor causadas por el cambio climático tendrán impacto en el maíz señaló el director del estudio Andy ChallinorPor ello el estudio indica que el desarrollo de nuevas variedades de cultivos mejor adaptadas a las nuevas condiciones climáticas es vital para el futuro de la producción alimentaria,10
0.5941992402076721,59,Los expertos se centraron en particular en el efecto de la temperatura en la duración de los cultivos el tiempo entre la siembra y la recogida pues a más calor menos tiempo lo que se traduce también en un plazo más corto para que produzcan y acumulen biomasa señaló Challinor en un comunicadoLograr una nueva variedad de cosecha y que la adopten los granjeros requiere entre diez y treinta años por lo que al ritmo al que aumentan las temperaturas en los trópicos cuando está disponible y plantada crece ya a unas temperaturas más templadas de a las fue desarrolladaLos investigadores usaron diversos datos para desarrollar dos escenarios el mejor y el peor para los actuales sistemas de mejoras de cosechas,10
0.7272727489471436,60,Éstos apuntan a que la duración de los cultivos será significativamente más corta ya en 2018 en algunos lugares y en 2031 en la mayoría de las regiones de África donde crece maíz,10
0.42406296730041504,61,Hermosillo Sonora Las consecuencias del cambio climático pueden ser excelentes nichos de oportunidad para el emprendimiento de proyectos y la conformación de ecosistemas de innovación para el desarrollo,11
0.7590364813804626,62,El director de Vinculación Corporativa y Estrategia del Centro para la Salud y el Ambiente Global de la Universidad de Harvard Ramón Alberto Sánchez Piña señaló que para desarrollar los proyectos existen financiamientos denominados verdes,11
0.5108422040939331,63,Al participar en la Primera Reunión Internacional sobre Energías Alternativas Renovables del Noroeste habló de las oportunidades que se tienen para enfrentar los problemas del futuro,11
0.5587851405143738,64,El especialista en tecnologías sustentables dijo que diversas instancias a nivel internacional otorgan financiamientos para emprendedores en esta línea del desarrollo para la sustentabilidad que pueden generarse en cualquier localidadConsideró que en la entidad particularmente en Hermosillo se puede impulsar a emprendedores que atiendan los problemas derivados de la falta de agua que será un problema más serio en pocos años sobre todo si continúa la tendencia a la baja en las lluviasPara ello es necesario crear un adecuado ecosistema de innovación a las necesidades que tiene la comunidad subrayóComentó que aquí mismo se pueden crear empresas que resuelvan parte de los problemas y poco a poco se van agregando más empresas que en conjunto resuelven la mayor parte de la problemática,11
0.6411275267601013,65,En el caso de Sonora dijo es muy probable que disminuya considerablemente la disponibilidad de agua porque como efecto del cambio climático cada vez va a llover menosEjemplificó que si se crea una empresa de irrigación para un menor consumo de agua y otra de detección de fugas dentro de la ciudad se atienden dos problemas y se aporta un servicio junto con una soluciónPlanteó que así se crean estas empresas luego surge otra que atiende otro efecto del cambio climático y cada una hace una cosa diferente pero todas relacionadas con el agua con lo cual se logra resolver una gran parte del problema de escasezSánchez Piña ha contribuido a crear estos ecosistemas de innovación en varias ciudades de Estados Unidos y Europa especialmente de España donde el desarrollo social ha ido de la mano con la tecnología y el cuidado del ambienteAsimismo señaló que en Hermosillo se tienen muchos nichos de oportunidad para desarrollar este tipo de ecosistemas de innovación además de la gran diversidad de profesiones centros de investigación y un gobierno estatal que prácticamente va iniciandoAnotó que buscan acercarse al gobierno estatal para ver la posibilidad de que entre la comunidad académica de la Unison y Harvard los empresarios y los emprendedores jóvenes se genere un ecosistema de innovaciónEn dicho ecosistema podría participar cualquier persona que tenga una buena idea para que acceda a niveles adecuados de recursos y poder impulsarlo puntualizó,11
0.5289555788040161,66,Emprender medidas para resolver el problema del cambio climático representaría apenas entre 1 y 2  del Producto Interno Bruto PIB mundial afirmó el Premio Nobel de Química doctor Mario MolinaPasquel y Henríquez quien al recibir la presea Corazón de León que otorga la Federación de Estudiantes Universitarios FEU dijo que el tiempo se agota para actuar contra ese devastador fenómeno,12
0.6392719149589539,67,Durante la ceremonia realizada en el paraninfo Enrique Díaz de León de la Universidad de Guadalajara UdeG Molina se refirió a varios mitos uno de ellos respecto a que no se puede tocar el modelo económico sustentado en los combustibles fósiles porque eso desestabilizaría las finanzas mundiales,12
0.5410028696060181,68,Sí se puede enfrentar el problema y no cuesta mucho,12
0.658730149269104,69,Estamos hablando para ser racional de un costo de 1 a 2 del Producto Interno Bruto mundial,12
0.7127659320831299,70,Es mucho dinero pero de todos modos es menos costoso que los daños afirmó,12
0.6960784196853638,71,Molina especificó que este sería el costo de una estrategia de triángulos de estabilización término acuñado por el ecologista Stephen Pacala y el físico Robert Socolow que contemplan mejorar la eficiencia en el transporte incrementar las edificaciones eficientes sustituir carbón por gas natural captura y almacenamiento de carbono usar energía eólica o solar así como biocombustibles y mejores prácticas forestales e incluso energía nuclear de tercera generación que no emite gases de efecto invernadero aunque este último punto no es esencial,12
0.5404801964759827,72,Otro problema dijo es que existe una intensa campaña de relaciones públicas financiada por grupos de interés que pretenden incubar la idea de que la erradicación de los combustibles fósiles generará el colapso económico e incluso hay científicos pocos consideró pero muy efectivos para impactar con su discurso que pregonan que no existe evidencia para comprobar las consecuencias del cambio climático,12
0.6300032138824463,73,Ya tenemos impactos importantes del cambio climático,12
0.6103905439376831,74,Los cambios de temperatura graduales van a seguir y tenemos efectos costosos en la sociedad afirmó Molina,12
0.5822262763977051,75,El Rector General de la UdeG maestro Itzcóatl Tonatiuh Bravo Padilla apuntó que en su conjunto la obra del doctor Molina es un llamado de atención acerca de las consecuencias de las acciones humanas sobre el medio ambiente y propone una diversidad de opciones mediante las cuales se pueden revertir y prevenir futuros desastres ecológicos,12
0.5293907523155212,76,Puso como ejemplo las recientes contingencias ambientales registradas en la Ciudad de México que deben ser una alerta para las grandes metrópolis del país con el interés de fortalecer las estrategias preventivas,12
0.6529043912887573,77,En este sentido se requiere impulsar la colaboración entre universidades dependencias gubernamentales y los sectores productivo y social con el propósito de coordinar esfuerzos que reditúen en mejoras medioambientales,12
0.7442290782928467,78,En el caso de la Universidad de Guadalajara actualmente se trabajan los lineamientos y estrategias del Programa Universidad Sustentable cuyo objetivo es la disminución de la huella ecológica de nuestra Casa de Estudio señaló Bravo Padilla,12
0.5778006315231323,79,Con información de ReporteJalisco                                                         httpwww24horasmxrevertircambioclimaticocostariaentre1y2delpibmundial,12
0.5449289679527283,80,Hermosillo Sonora La ciudad de Hermosillo formará parte de una investigación que hará la Red de Investigación para la Resiliencia y Sustentabilidad Urbana sobre el cambio climático a nivel mundial,13
0.5917431116104126,81,En rueda de prensa el presidente municipal Manuel Ignacio Acosta Gutiérrez indicó que el cambio climático es el gran reto del mundo actual y esta ciudad capital deberá estar preparada para enfrenar situaciones adversas que genera este problema ambiental,13
0.5763359069824219,82,Junto con Hermosillo las ciudades que conforman la Red de Investigación para la Resiliencia y Sustentabilidad Urbana son Phoenix Portland Syracuse Nueva York Baltimore y Miami en Estados Unidos además de Valdivia en Chile y San Juan en Puerto Rico dijo,13
0.6376323103904724,83,Acosta Gutiérrez celebró que la capital de Sonora haya resultado electa como la única Ciudad en México para formar parte de este proyecto internacional de la Red de Investigación para la Resiliencia y Sustentabilidad Urbana,13
0.5585717558860779,84,Acompañado por los especialistas de la Universidad Estatal de Arizona Charles L,13
0.502059817314148,85,Redman Nancy B,13
0.6473023295402527,86,Grimm y Enrique R,13
0.5977877974510193,87,Vivoni señaló que el proyecto generará en los próximos cinco años propuestas de respuesta a crisis climáticas futuras,13
0.637202262878418,88,Nos sentimos comprometidos que en estas nueve ciudades seleccionadas por la Universidad Estatal de Arizona se haya seleccionado a Hermosillo como representante de México son tres ciudades nada más en América Latina destacó,13
0.6028295159339905,89,Por su parte la directora del Instituto Municipal de Planeación IMPLAN Guadalupe Peñuñuri Soto explicó que se trata de la iniciativa más importante en Latinoamérica sobre el estudio de los efectos del cambio climático en asentamientos urbanos,13
0.4314076602458954,90,Asimismo las investigaciones incluyen temas como predicciones a futuro y una evaluación de qué tanta preparación existe para enfrentar las contingencias anotó,13
0.4108053147792816,91,Refirió que el proyecto cuenta un financiamiento de 12 millones de dólares de la Asociación Nacional de Ciencia de Estados Unidos para su aplicación en las nueve ciudades del mundo seleccionadas,13
0.5473753809928894,92,Al formar parte de la Red en Hermosillo se investigarán sus condiciones climáticas e infraestructura urbana actual las potenciales adversidades que la población pudiera enfrentar debido a inundaciones sequías ondas de calor y tormentas costeras,13
0.5457288026809692,93,El objetivo de esos estudios tanto de campo como de modelos de planeación de escenarios futuros es elaborar estrategias reales de ejecución que contribuyan a aminorar el impacto de desastres en la población puntualizó,13
0.4407428503036499,94,El secretario de Energía Pedro Joaquín Coldwell se reunió con sus contrapartes de Estados Unidos Ernest Moniz y de Canadá James Carr para trazar un plan de acción para implementar el Memorándum de Entendimiento de Cooperación sobre Cambio Climático y EnergíaEn un comunicado la dependencia federal detalló que las acciones desarrolladas en la trilateral son el seguimiento al acuerdo alcanzado en Winnipeg Canadá por los ministros de América del Norte la segunda semana de febreroEn gira de trabajo por Houston Joaquín Coldwell acompañó al presidente Enrique Peña Nieto a recibir el premio Global Energy Lifetime y sostuvo reuniones por separado con los ministros de Energía de Noruega y Australia Tord Lien y Josh Frydenberg respectivamenteAdemás el secretario se reunió con empresarios financieros y socios de Ceraweek a quienes explicó las inversiones que se abren en México con motivo de la reforma energéticaPrecisó que a partir del primer día de abril la Sener otorgará permisos para la importación de gasolinas y diésel a cualquier interesado que cumpla con los requisitos aplicablesRefirió que el mes pasado entró en operaciones el Mercado Eléctrico Mayorista el cual permitirá la participación de empresas públicas y privadas en igualdad de condicionesEllo con el objetivo de ofrecer servicios eléctricos a precios más competitivos e inició la primera subasta eléctrica de largo plazo en la que ya hay 103 licitantes inscritos en el procesoEl secretario de Energía puntualizó que al ser una de las economías con mayor apertura al mundo México es un destino propicio para la expansión de operaciones de empresas de talla internacionalAnte ello exhortó a empresarios a conocer todas las oportunidades de inversión que México ofrece al mundo y puedan ser parte de la transformación energética mexicana                                                         httpwwwexcelsiorcommxnacional201602241077207,14
0.6272621750831604,95,CIUDAD DE MÉXICO México ene,15
0.6891103386878967,96,02 2016 El agricultor Sergio Antillón del Valle del Yaqui Sonora está preocupado,15
0.38308489322662354,97,El clima ya no tiene palabra en el sur de Sonora,15
0.22227001190185547,98,El año pasado perdió cientos de toneladas de trigo por el calor excesivoEste año fue muy duro para el Valle en realidad para todo el Estado y Sinaloa tuvimos un 30 menos de producción de trigo solamente por el clima,15
0.5892857313156128,99,En el Valle del Yaqui el mayor productor de trigo de México en el 2015 las temperaturas mínimas históricas subieron un gradoGemma Molero Científica programa Global del Trigo Cimmyt La temperatura mínima promedio de Enero a Abril fue aproximadamente 2 grados superior a la de otros años eso lo que ha hecho es reducir en una tonelada la producción de trigo por hectárea,15
0.5763359069824219,100,En la región se cultivan dos tipos de trigo el harinero para pan y tortillas y el cristalino para pastas y sopas,15
0.6719433665275574,101,Claro afectó mucho estamos hablando que se dejaron de ingresar unos 2 mil millones de pesos en la región por esa falta de producción comentó Sergio AntillonEl cambio climático en el Yaquí repercute en las fuentes de empleo,15
0.7805925011634827,102,Esto afecta carpinteros electricistas el comercio pues todo afecta a toda la población dijo Sergio Antillon,15
0.619167149066925,103,La NASA y la Administración de Atmósfera y Océanos de EU NOAA informaron que el 2015 fue el año más caluroso del planeta desde que se tienen registros en 136 añosPor cuarta vez en 11 años se rompieron récords de máximas temperaturasLo que se vivió también en el valle agrícola,15
0.7555586099624634,104,Febrero y Marzo tuvimos temperaturas de 36 grados cuando normalmente debe estar en 28 en 27 comentó Sergio AntillonEl Valle del Yaqui cuenta con 220 mil hectáreas de superficie de riego 160 mil hectáreas destinadas al trigo y 60 mil a otros cultivos como sorgo y maízEn pocas semanas ha experimentado los extremos del clima,15
0.6408824324607849,105,Y resulta que el día 27 de diciembre tuvimos una helada que afectó maíces afectó hortalizas y mucha gente por esos pronósticos optó por sembrar esos cultivos explicó Sergio AntillonEn el 2016 las previsiones indican que en el Valle del Yaqui seguirá el calor favorecido por el fenómeno de El Niño Godzilla,15
0.7777777910232544,106,Amparo Martínez directora del Instituto de Ecología y Cambio Climático Es muy probable que haya sequías que haya incendios que en el sur del continente haya inundaciones,15
0.5933042764663696,107,Los pronósticos científicos de 30 a 65 años son dramáticos para el territorio nacional dice Bram Govaerts ganador del Premio Mundial de Alimentación 2014,15
0.6749124526977539,108,Bram Govaerts premio mundial de Alimentación Cimmyt Texcoco México realmente si sigue produciendo como produce hoy en día hay estudios que indican que los cultivos principales arroz maíz y trigo puedan perder hasta el 28 de su producción nacional gracias o debido a el cambio climático,15
0.5356678366661072,109,Pero el cambio climático también es responsabilidad de la agricultura y de la ganadería extensiva,15
0.6460682153701782,110,Agricultores científicos y oficinas de gobierno trabajan en descifrar el comportamiento del trigo y de otras semillas claves para la alimentaciónFrancisco Pinto teledetección en agricultura Tengo que alcanzar la altitud rápidamente y abarca una gran cantidad de parcelas,15
0.8628681898117065,111,Franciso Pinto pasó varios años en Alemania estudiando los cultivos y el climaAhora utiliza un drón o multicóptero equipado con cámaras para teledetecciónLos cálculos permitirán ahorrar tiempo agua y dinero a los productores,15
0.5399576425552368,112,Le ayuda mucho al manejo por ejemplo en lugares que se necesita regar agregó Francisco PintoEn el Valle del Yaqui hay científicos procedentes de México España China Australia Brasil Chile entre otros paísesEn estos campos sembrados con trigo en el norte del país en el Valle del Yaqui se está realizando experimentación para ver cómo se comporta ahora  pero también en el futuro,15
0.5490196347236633,113,Con este tipo de equipos para aumentar la radiación solarAnte el cambio climático los agricultores empezaron a sembrar una mayor variedad de productos como frutas cereales hortalizas y oleaginosasDisminuyeron la aplicación de fertilizantes que contaminan el subsuelo y la atmósferaY adoptaron el Green Seeker un sensor que mide cuánto nitrógeno hay que aplicar en cada plantaEn diciembre del 2015 los países alcanzaron el Acuerdo de París un compromiso  histórico que limita las emisiones en todo el planeta y que pretende frenar el calentamiento globalMientras tanto la agricultura deberá ser mucho más eficiente,15
0.5457288026809692,114,El calentamiento global comenzó hace 180 años mucho antes de lo que hasta ahora se creía y se debió al impacto que tuvo en el clima la revolución industrial según un estudio internacional publicado por la revista científicaNatureLa Universidad Libre de Berlín una de las instituciones participantes en la investigación adelantó ayer que ésta es la principal conclusión de un estudio pionero del archivo natural del clima de los últimos 500 años corales tropicales núcleos sedimentarios estalagmitas anillos en troncos y hielos en ambos hemisferiosAdemás el estudio dirigido por Nerilie Abram de la Universidad Nacional de Australia en Canberra recoge el análisis de distintos modelos de evolución del clima a lo largo de miles de años,16
0.5438703894615173,115,Las investigaciones muestran que el calentamiento de la Tierra guarda relación desde el principio con el aumento de la concentración de gases de efecto invernadero consecuencia de la revolución industrial explicó en un comunicado Jens Zinke paleontólogo de la Universidad Libre de Berlín y coautor del estudioAntes de la revolución industrial la cantidad de gases de efecto invernadero como el CO2 se encontraban en la atmósfera en una proporción comparativamente bajaSegún el estudio a partir de 1830 coincidiendo con los primeros pasos de la revolución industrial en Europa Occidental comenzó a percibirse un aumento de las temperaturas primero en el Ártico y en las zonas tropicales de los océanos y posteriormente en Europa Asia y NorteaméricaCincuenta años más tarde comenzó a ser evidente el inicio del cambio climático en gran parte del hemisferio sur según el equipo científico que achaca estas diferencias temporales a las corrientes marinasEl principal aporte de este estudio es la inclusión de gran cantidad de registros del archivo natural del clima del hemisferio sur y su comparativa temporal con los del norteLos científicos extraen además dos consecuencias de su descubrimiento la confirmación de la mano del hombre tras el cambio climático y la necesidad de revisar las predicciones sobre el calentamiento global para las próximas décadas teniendo en cuenta que no es un fenómeno iniciado en el siglo XX sino en el XIX                                                         httpwwwcronicacommxnotas2016979854html,16
0.5,116,El calentamiento global es el culpable de intensificar tormentas elevar los niveles del mar y prologar sequías,17
0.6650334000587463,117,Ahora hay cada vez más evidencia de un efecto positivo habría retrasado la próxima edad de hielo en 100 mil años o másLas condiciones necesarias para el inicio de una nueva edad de hielo se esquivaron por poco al comienzo de la Revolución Industrial en 1800 publicaron el miércoles en la revista Nature científicos del Instituto Potsdam para la Investigación del Impacto Climático cerca de Berlín,17
0.6279462575912476,118,Desde entonces el aumento de las emisiones de CO2 que atrapa el calor de la combustión de petróleo carbón y gas han hecho que la propagación de las capas de hielo del mundo sea aún menos probable explicaron,17
0.732367217540741,119,Este estudio confirma lo que hemos sospechado desde hace algún tiempo que el dióxido de carbono que los humanos han añadido a la atmósfera va a alterar el clima del planeta de decenas a cientos de miles de años y la próxima edad de hielo ha quedado cancelada dijo Andrew Watson profesor de ciencias de la Tierra en la Universidad de Exeter en el suroeste de Inglaterra quien no participó en la investigación,17
0.6100335717201233,120,Los seres humanos ahora controlan el clima del planeta,17
0.664493203163147,121,El estudio revela nuevos hallazgos sobre la relación entre la insolación una medida de la energía del Sol que alcanza el planeta los niveles de dióxido de carbono en la atmósfera y la propagación de las capas de hielo que caracterizan una edad de hielo,17
0.5011602640151978,122,Los investigadores en Alemania fueron capaces de utilizar modelos para replicar los últimos ocho ciclos glaciales y proporcionar predicciones sobre cuándo podría ocurrir el próximo,17
0.6295058727264404,123,Los científicos descubrieron que incluso sin emisión de los gases que atrapan el calor la próxima edad de hielo probablemente no podría ocurrir durante otros 50 mil años,17
0.5293813943862915,124,Eso haría al actual periodo interglacial inusualmente largo según el autor principal Andrey Ganopolski,17
0.4359283447265625,125,Sin embargo nuestro estudio muestra también que emisiones relativamente moderadas adicionales de la quema de petróleo carbón y gas son ya suficientes para posponer la próxima edad de hielo durante otros 50 mil años detallo,17
0.49646666646003723,126,Esto significaría que la siguiente probablemente no comenzará en 100 mil años dijo,17
0.6885813474655151,127,La conclusión es que estamos básicamente saltando un ciclo glacial completo lo cual no tiene precedentes,17
0.5803858637809753,128,Los niveles de CO2 han aumentado a alrededor de 400 partes por millón en la actualidad desde las 280 partes por millón de la Revolución Industrial,17
0.5442291498184204,129,Los autores del estudio señalaron que si la concentración hubiera sido de 240 partes por millón en 1800 una nueva edad de hielo podría haber arrancado y que las prácticas de cultivo previas a la industrialización ayudaron a evitar que se cruzara ese umbralSi bien evitar una edad de hielo es algo positivo para los seres humanos los científicos llevan tres décadas advirtiendo de los peligros del cambio climático que puede acabar con la propia existencia de algunas naciones debido a que el aumento de las temperaturas eleva los niveles del mar,17
0.5317323803901672,130,Representantes de 195 naciones alcanzaron un nuevo acuerdo en París el mes pasado para contener el aumento de las temperaturas desde 1800 hasta por debajo de 2 grados centígradosLa última glaciación duró unos 100 mil años y terminó hace unos 12 mil años,17
0.4349258244037628,131,Las capas de hielo del norte se extendieron hasta el Reino Unido y Alemania además de cubrir la mayor parte de Canadá y Estados Unidos,17
0.6684110760688782,132,Un periodo interglacial norte normalmente dura entre 20 mil y 30 mil años según Jonathan Bamber director del Bristol Glaciología Center de la Universidad de Bristol,17
0.7857800126075745,133,Es a la vez sorprendente y un poco aterrorizante pensar que en un corto espacio de tiempo el ser humano ha sido capaz de modificar el sistema climático de una manera tan dramática y profunda dijo Bamber por correo electrónico                                                         httpwwwelfinancierocommxbloombergporfinunabuenaconsecuenciadelcalentamientoglobalhtml,17
0.5506001114845276,134, Necesario aprovechar la democracia para resolverlo dice ministro británico    TIJUANA BC 15 DE NOVIEMBRE DE 2016 AFN  El principal reto de este siglo es definir cómo aprovechar la democracia y los valores comunes para tomar decisiones de largo plazo en temas fundamentales como el cambio climático porque con decisiones de 3 o 5 años no podemos progresar afirmó Olivier Evans Ministro Consejero de la Embajada Británica en México,18
0.5763369202613831,135,Al hablar ante investigadores y estudiantes del Colegio de la Frontera Norte Evans disertó sobre la relación MéxicoReino Unido los retos compartidos y sus oportunidades y en ese contexto aseguró que la política es la vida sobre la sociedad y no podemos desconectar la vida social y la política,18
0.5370524525642395,136,En ese ámbito un reto que tenemos todos en la nueva democracia digital de este siglo es adaptarnos a una mejor forma de trabajar porque la vida cambia a mayor velocidad y la generación actual debe hacerlo pensando en la vida de sus descendientes,18
0.6131256818771362,137,Precisamente respecto al futuro uno de los desafíos está relacionado con las decisiones que debieron tomarse en materia de cambio climático desde hace 20 años en que se adoptaron los acuerdos de Paris,18
0.5436642169952393,138,El acuerdo de París es un documento pero el papel no cambia la vida es la gente que cambia la vida y tenemos que actuar para implementar el acuerdo de París para que las generaciones que vienen sus propios hijos e hijas nietos y nietas puedan aprovechar la sociedad y el desarrollo social en 50 años si no tenemos un problema dijo,18
0.5436642169952393,139,En este y otros temas debemos asumir la responsabilidad de tomar decisiones de largo plazo y el reto para mí en este siglo es como aprovechar la democracia y los valores que compartimos para tomar decisiones de largo plazo,18
0.5505504608154297,140,El reto abundó es asumir la responsabilidad social de ayudar a la gente y abrir el espacio a la gente para tomar la responsabilidad de generar el auto desarrollo y atender retos como el financiero el del libre comercio sin proteccionismo la cobertura de las necesidades sociales en temas como la salud etc,18
0.6170130968093872,141,BEJING 23 DE MARZO DE 2016 Agencia Leonardo DiCaprio elogió la labor de China contra el cambio climático durante un viaje a Beijing y afirmó que cree que el país podría ser el héroe del movimiento ambientalista,19
0.635576069355011,142,El actor y activista medioambiental elogió el giro de China hacia las energías renovables para reducir las emisiones de dióxido de carbono,19
0.48551157116889954,143,Como todos sabemos Estados Unidos y China son los dos mayores emisores y creo que China ha dado pasos drásticos hacia delante en lo que se refiere a energías alternativas y formas de ser sostenible dijo en una rueda de prensa,19
0.3837546110153198,144,DiCaprio está en Beijing para promocionar The Revenant la película con la que ganó su primer Oscar a mejor actor en la ceremonia de este año,19
0.5705281496047974,145,La cinta se estrenó el viernes en la China continental y ya ha ganado 100 millones de yuanes 15 millones de dólares en la taquilla china,19
0.7255929708480835,146,TIJUANA BC 20 DE FEBRERO DE 2016 AFN Los cambios climáticos en el mundo afectan al sector pesquero de todo el Estado pero en especial el de Ensenada en donde han sufrido pérdidas del 60 en su economía informó la presidenta del Sistema Producto Calamar Bertha Martínez Villalobos,20
0.482510507106781,147,La diferencia de temperatura que afecte a los cardúmenes normalmente del pescado y entonces no es posible a nosotros  ir a las zonas donde tenemos pescado no es una sobre explotación sino un cambio climático expresó la también delegada de El Sauzal,20
0.47084417939186096,148,Agregó que esto ha hechola disminución de las cantidades de sardina que pescaban ya que de 50 mil toneladas que registraban los años anteriores en el 2015 la cantidad fue de cinco mil toneladas lo que representa solamente el 10 de lo que generalmente producen,20
0.4920503497123718,149,Esto ha afectado a las personas que trabajan en el sector y a las plantas pesqueras y no solamente la sardina sino también todo el sector está sufriendo por lo menos en Baja California por el cambio climático,20
0.5349687933921814,150,Para combatirlo como sector deberán de trabajar en coordinación con el Gobierno Federal el Instituto Nacional de la Pesca y Comisión Nacional de Acuacultura y Pesca para buscar otras alternativas en el mar  para no perder todas las fuentes de empleo y el sector sufra perdida,20
0.6213366985321045,151,MEXICALI BC 26 DE MARZO DE 2016 AFN Thelma Castañeda Custodia titular de la Secretaría de Protección al Ambiente SPA estatal señaló que el cuidado y protección ambiental son prioridades en la administración del gobernador Francisco Vega y por ello a través de esta instancia se realizan distintas actividades que contribuyen a la mitigación y combate de los efectos del cambio climático con beneficio para Baja California,21
0.538382351398468,152,En el marco del Día Mundial del Clima el cual se conmemora el 26 de marzo Castañeda Custodia dijo que el clima está directamente relacionado con la protección al ambiente ya que las distintas actividades antropogénicas como la tala inmoderada los incendios forestales la emisión de gases de efecto invernadero como es el CO2 influyen directamente en el comportamiento del clima al cambiar la composición de la atmósfera,21
0.4383489489555359,153,Explicó que el clima es el conjunto de condiciones meteorológicas medidas durante un tiempo prolongado de años así como el conjunto de condiciones atmosféricas que caracterizan a un lugar determinado y que cambia por variaciones en la composición de la atmósfera entre otras cosas y que el cambio climático se le define como una variación de clima atribuido directa o indirectamente a la actividad humana hecho que altera la composición de la atmósfera a nivel mundial y se suma al cambio natural,21
0.6131256818771362,154,El 26 de marzo se conmemora el Día Mundial del Clima y es un día para  reflexionar y recordar a toda la población sobre los compromisos presentes y futuros necesarios para asegurar el bienestar a todos los ciudadanos del mundo el cambio climático supone numerosas consecuencias para la humanidad como las sequías aumento en el nivel del mar reducción de la productividad marina aumento de las temperaturas alteraciones en los ecosistemas terrestres entre otros expuso,21
0.5436642169952393,155,La funcionaria estatal explicó que existen distintas acciones sencillas de realizar que autoridades y ciudadanía en general pueden poner en práctica a fin de coadyuvar en el combate al cambio climático como un  problema global que requiere una solución del mismo nivel y entre las medidas necesarias que se pueden adoptar están la eficiencia energética utilizar energías renovables reducir el consumo de los combustibles fósiles entre muchos otros que se pueden poner en práctica desde el hogar,21
0.5436642169952393,156,CIUDAD DE MÉXICO 22 DE FEBRERO DE 2016 Kaleydoscopio La inmensa mayoría de la sociedad mexicana 87 de cada cien personas está enterada sobre que el mundo vive una etapa de cambio climático y 363 ha oído que una de las principales causas de esta peligrosa situación es la contaminación con gases de efecto invernadero,22
0.5505504608154297,157,Un detalle importante es que 916 de los ciudadanos piensa que los seres humanos son los responsables del cambio climático de acuerdo con una encuesta de Gabinete de Comunicación Estratégica GCE levantada telefónicamente entre 600 ciudadanos de todo México,22
0.6170130968093872,158,Sólo 51 no cree que la gente sea la culpable y 2 no sabe qué tanta responsabilidad tiene,22
0.635576069355011,159,El estudio de opinión deja ver que sólo 105 de la gente no ha escuchado del cambio 19  no sabe qué es y 05 no contestó,22
0.5220106244087219,160,Los hombres 91 de cada cien están más informados que las mujeres 83,22
0.5166615843772888,161,La idea que más se escucha sobre los orígenes de la transformación en el clima terrestre es contaminación de gases de efecto invernadero 363 pero la gente también ha oído que se da un cambio natural de la temperatura terrestre 18 o que se afecta al Planeta Azul 132,22
0.6964495778083801,162,Un 92 dice que se habla de que se están derritiendo los polos pero no expone la razón 69 sobre que se deteriora la capa de ozono 46 que es culpa a la humanidad 32 ha escuchado que se deben tomar medidas para evitar el cambio y 22 escucha que ha aumentado el problema 32 no sabe 12 mencionó otro y el resto guardó silencio,22
0.40209469199180603,163,Los encuestadores de GCE mencionaron a los mexicanos que el calentamiento global es el aumento de la temperatura registrado en los últimos años en la atmósfera y pidieron considera que en México existen protocolos para enfrentarlo,22
0.3501047194004059,164,55 de cada cien creen que no la hay 28 piensan que existe y 14 no saben,22
0.3422921597957611,165,Los demás no respondieron,22
0.49221915006637573,166,Sobre la culpa humana Gabinete wwwgabinetemx pidió que se dieran las razones de ese pensamiento    Porque los humanos contaminamos el medio ambiente dijo 265 de la gente consultada,22
0.6907269954681396,167,Para 116 los entrevistados la humanidad es responsable por el ritmo de industrialización y generación tecnológica,22
0.6131256818771362,168,106 tiene la idea de que los hombres y mujeres tienen responsabilidad por las acciones que generan,22
0.5436642169952393,169,Según 97 es culpa humana por que se tira basura y no se recicla,22
0.5436642169952393,170,94 opina que tiene que ver con la falta de educación y conciencia ambiental,22
0.5505504608154297,171,84 piensa que la responsabilidad se da por el uso de productos tóxicos,22
0.6170130968093872,172,61 dice que tiene que ver con la tala de árboles,22
0.635576069355011,173,En este reconocimiento de culpa los mexicanos también hablan de quema de bosques y basura 49 uso de automóviles 41 sobrepoblación 26 y por no cuidar la luz 2,22
0.6975980401039124,174,No contestó 28 y 13 dijo no sé,22
0.5728468894958496,175,Columnista La Silla Rota  Por SIMÓN VARGAS AGUILAR    MÉXICO DF 7 DE ENERO DE 2016 La Silla Rota En caso de que el ser humano no haga nada por frenar el cambio climático según los cálculos del Alto Comisionado de las Naciones Unidas para los Refugiados ACNUR en los próximos 50 años de 250 y hasta mil millones de personas podrían verse obligadas a abandonar sus hogares y trasladarse a otras regiones de sus respectivos país o incluso a otra naciones httpbitly1OOkams    Los llamados refugiados climáticos se encuentran huyendo de un entorno hostil debido al clima y a los desastres ambientales pues se han quedado sin agua y alimentos asimismo millones están perdiendo sus fuentes de empleo e ingresos,23
0.5326090455055237,176,A pesar de lo vulnerable de su condición en el derecho internacional no existe un estatus jurídico que los ampare y les permita solicitar asilo,23
0.42155721783638,177,De acuerdo con la Convención de Ginebra sobre el Estatuto de los Refugiados un refugiado es una persona que debido a fundados temores de ser perseguida por motivos de raza religión nacionalidad pertenencia a un determinado grupo social u opiniones políticas se encuentre fuera del país de su nacionalidad y no pueda o a causa de dichos temores no quiera acogerse a la protección de su país o que careciendo de nacionalidad y hallándose a consecuencia de tales acontecimientos fuera del país donde antes tuviera su residencia habitual no pueda o a causa de dichos temores no quiera regresar a él httpbitly1JrAwp7    Entonces el término refugiado climático no tiene ningún tipo de significado legal en el derecho internacional que ampare a los desplazados por los desastres de origen natural o causados por el cambio climático,23
0.6180248856544495,178,Aunque sí existen algunos países que dentro de su legislación incluyen a los migrantes ambientales en una categoría especial de personas que necesitan protección como es el caso de Suecia y Finlandia,23
0.6131256818771362,179,Según las estimaciones de la ACNUR en los últimos 20 años los cambios en el medio ambiente o los desastres ambientales han provocado migraciones mayores que los conflictos armados situación que podría triplicarse en los años venideros pues existen pronósticos de grandes riesgos de sequías inundaciones tormentas o terremotos,23
0.5436642169952393,180,El último Reporte Anual del Consejo Noruego para los Refugiados NRC por sus siglas en inglés indica que un promedio global de al menos 225 millones de personas han sido desplazadas cada año entre 2008 y 2014,23
0.5436642169952393,181,Según sus cálculos desde 2008 una persona cada segundo se ha visto obligada a dejarlo todo a causa de desastres naturales y 60 desplazados cada minuto por razones de cambio climático siendo los continentes más afectados Asia y América,23
0.5505504608154297,182,El reporte del Panel Intergubernamental de Cambio Climático presentado en Copenhague el año pasado indica que los efectos del cambio climático plantean problemas de equidad justicia e igualdad ya que muchos de los países más vulnerables al fenómeno apenas han contribuido o contribuyen actualmente en las emisiones de gases de efecto invernadero causantes del calentamiento global,23
0.6170130968093872,183,Lo más preocupante es que son precisamente los países más pobres quienes resultan más afectados con las consecuencias del cambio climático dada su limitada capacidad para afrontarlas además de que sus efectos potencian las limitaciones ya existentes en estas naciones disminuyendo todavía más sus posibilidades de desarrollo,23
0.635576069355011,184,En diciembre de 2015 se aprobó el primer tratado internacional sobre cambio climático en París en el que 150 países tanto potencias como en desarrollo se comprometieron de manera histórica a transitar conjunta y coordinadamente hacia una economía baja en carbono a contener el incremento de la temperatura por debajo de los dos grados centígrados e incluso a desarrollar esfuerzos para limitar el aumento de la temperatura a 15 grados centígrados,23
0.7010343670845032,185,Aunque muy necesarias y urgentes estas políticas destinadas a paliar los efectos del cambio climático no son suficientes para evitar los impactos ya existentes hoy en día también es ineludible la aplicación de medidas para favorecer la adaptación de las comunidades más pobres al fenómeno por ello el establecimiento de un sistema de financiamiento que ayude a los países vulnerables a afrontar los riesgos es quizás la única forma como el norte podría saldar su deuda con el sur,23
0.5615267753601074,186,Este tema no sólo debe ser analizado desde perspectivas científicas económicas o políticas es necesario verlo desde puntos de vista éticos morales y humanos así lo afirmó el Papa Francisco en su encíclica ecológica revolucionaria Laudato Si,23
0.4620983898639679,187,Los legisladores de México tiene la palabra y nosotros la sociedad esperamos sus resultados ante esta problemática que representa ya una amenaza real a la seguridad humana de un número cada vez más creciente de personas    simonvargasa  facebookcomsimonvargasa  Linkedin simónvargasaguilar  wwwinprincipioeratverbumcommx  simoninprincipioeratverbumcommx    Si deseas recibir mis columnas en tu correo electrónico te puedes suscribir a mi lista en el siguiente vínculo httpeepurlcomUfj3n    Esta columna no refleja la opinión de Agencia Fronteriza de Noticias sino que corresponde al punto de vista y libre expresión del autor,23
0.5588057041168213,188,CIUDAD DE MÉXICO 25 DE MARZO DE 2016 Kaleydoscopiomx La tradición dice que en cuestiones de clima febrero es loco y marzo otro poco pero las tormentas y vientos que han azotado México parecen dejar ver que el cambio climático ya llegó y 55 de cada cien ciudadanos creen que el país no tiene protocolos para enfrentar la situación,24
0.5763359069824219,189,Gabinete de Comunicación Estratégica GCE averiguó qué piensan los mexicanos sobre qué tan preparada se encuentra la nación para hacer frente a la emergencia global y 28 piensa que las autoridades están listas y 14 no tiene idea de qué tan listas se encuentren,24
0.634914219379425,190,23 de la gente prefirió no hablar del tema,24
0.4789655804634094,191,Escenario en el que por cada 56 hombres que piensan que el gobierno tiene ya un protocolo para el cambio climático hay 54 mujeres,24
0.5962314605712891,192,El calentamiento global es la razón del cambio climático y 916 de los 600 ciudadanos entrevistados telefónicamente por GCE en llamados por todo el país no tiene duda de que la humanidad es la responsable de los problemas de la Tierra,24
0.569580078125,193,51 dijo que no es el hombre el responsable del cambio climático y 2 no sabe a qué se debe y 13 ignoró el tema y no respondió,24
0.5599238872528076,194,Las razones que dan quienes pasan la factura de los problemas a la gente son variadas pero más de una cuarta parte 265 le echa la culpa a que los humanos contaminamos el medio ambiente,24
0.7188109755516052,195,Hay quienes despersonalizan la crisis y echan la culpa a la industrialización del planeta e incluso a las nuevas tecnologías 116,24
0.7010343670845032,196,Para 106 las sociedades son responsables pero simplemente dice que se debe a las acciones que generamos mientras que 97 cree que tirar basura o no reciclar es la causa del cambio en el clima,24
0.7083333134651184,197,El calentamiento global se debe a que no tenemos educación ni conciencia ambiental según 94 de los entrevistados por Gabinete wwwgabinetemx que halló que 84 culpa del asunto a que usamos productos químicos,24
0.7355401515960693,198,La tala de árboles es la raíz del problema opina 49 de los entrevistados entre los que 41 dice que el cambio se debe a la utilización del automóvil 26 culpa a la sobrepoblación y 2 al despilfarro de agua y luz,24
0.4776054620742798,199,Quienes no creen que los humanos son los que provocan el calentamiento global hay varias teorías sobre cómo se originó la crisis    395 piensa que el calentamiento global es un asunto natural por cada 51 hombres que piensan esto hay sólo 24 mujeres,24
0.780066728591919,201,41 dijo que responsabilizar al hombre es un asunto político,24
0.780066728591919,201,41 dijo que responsabilizar al hombre es un asunto político,24
0.780066728591919,201,41 dijo que responsabilizar al hombre es un asunto político,24
0.780066728591919,201,41 dijo que responsabilizar al hombre es un asunto político,24
0.780066728591919,201,41 dijo que responsabilizar al hombre es un asunto político,24
0.780066728591919,201,41 dijo que responsabilizar al hombre es un asunto político,24
0.780066728591919,201,41 dijo que responsabilizar al hombre es un asunto político,24
0.780066728591919,201,41 dijo que responsabilizar al hombre es un asunto político,24
0.780066728591919,201,41 dijo que responsabilizar al hombre es un asunto político,24
0.780066728591919,201,41 dijo que responsabilizar al hombre es un asunto político,24
0.780066728591919,201,41 dijo que responsabilizar al hombre es un asunto político,24
0.780066728591919,201,41 dijo que responsabilizar al hombre es un asunto político,24
0.780066728591919,201,41 dijo que responsabilizar al hombre es un asunto político,24
0.780066728591919,201,41 dijo que responsabilizar al hombre es un asunto político,24
0.780066728591919,201,41 dijo que responsabilizar al hombre es un asunto político,24
0.780066728591919,201,41 dijo que responsabilizar al hombre es un asunto político,24
0.780066728591919,201,41 dijo que responsabilizar al hombre es un asunto político,24
0.780066728591919,201,41 dijo que responsabilizar al hombre es un asunto político,24
0.780066728591919,201,41 dijo que responsabilizar al hombre es un asunto político,24
0.780066728591919,201,41 dijo que responsabilizar al hombre es un asunto político,24
0.780066728591919,201,41 dijo que responsabilizar al hombre es un asunto político,24
0.780066728591919,201,41 dijo que responsabilizar al hombre es un asunto político,24
0.780066728591919,201,41 dijo que responsabilizar al hombre es un asunto político,24
0.780066728591919,201,41 dijo que responsabilizar al hombre es un asunto político,24
0.780066728591919,201,41 dijo que responsabilizar al hombre es un asunto político,24
0.780066728591919,201,41 dijo que responsabilizar al hombre es un asunto político,24
0.780066728591919,201,41 dijo que responsabilizar al hombre es un asunto político,24
0.780066728591919,201,41 dijo que responsabilizar al hombre es un asunto político,24
0.780066728591919,201,41 dijo que responsabilizar al hombre es un asunto político,24
0.780066728591919,201,41 dijo que responsabilizar al hombre es un asunto político,24
0.780066728591919,201,41 dijo que responsabilizar al hombre es un asunto político,24
0.780066728591919,201,41 dijo que responsabilizar al hombre es un asunto político,24
0.780066728591919,201,41 dijo que responsabilizar al hombre es un asunto político,24
0.780066728591919,201,41 dijo que responsabilizar al hombre es un asunto político,24
0.780066728591919,201,41 dijo que responsabilizar al hombre es un asunto político,24
0.780066728591919,201,41 dijo que responsabilizar al hombre es un asunto político,24
0.780066728591919,201,41 dijo que responsabilizar al hombre es un asunto político,24
0.780066728591919,201,41 dijo que responsabilizar al hombre es un asunto político,24
0.780066728591919,201,41 dijo que responsabilizar al hombre es un asunto político,24
0.780066728591919,201,41 dijo que responsabilizar al hombre es un asunto político,24
0.780066728591919,201,41 dijo que responsabilizar al hombre es un asunto político,24
0.780066728591919,201,41 dijo que responsabilizar al hombre es un asunto político,24
0.780066728591919,201,41 dijo que responsabilizar al hombre es un asunto político,24
0.780066728591919,201,41 dijo que responsabilizar al hombre es un asunto político,24
0.780066728591919,201,41 dijo que responsabilizar al hombre es un asunto político,24
0.780066728591919,201,41 dijo que responsabilizar al hombre es un asunto político,24
0.780066728591919,201,41 dijo que responsabilizar al hombre es un asunto político,24
0.780066728591919,201,41 dijo que responsabilizar al hombre es un asunto político,24
0.780066728591919,201,41 dijo que responsabilizar al hombre es un asunto político,24
0.780066728591919,201,41 dijo que responsabilizar al hombre es un asunto político,24
0.780066728591919,201,41 dijo que responsabilizar al hombre es un asunto político,24
0.780066728591919,201,41 dijo que responsabilizar al hombre es un asunto político,24
0.780066728591919,201,41 dijo que responsabilizar al hombre es un asunto político,24
0.780066728591919,201,41 dijo que responsabilizar al hombre es un asunto político,24
0.780066728591919,201,41 dijo que responsabilizar al hombre es un asunto político,24
0.780066728591919,201,41 dijo que responsabilizar al hombre es un asunto político,24
0.780066728591919,201,41 dijo que responsabilizar al hombre es un asunto político,24
0.780066728591919,201,41 dijo que responsabilizar al hombre es un asunto político,24
0.780066728591919,201,41 dijo que responsabilizar al hombre es un asunto político,24
0.780066728591919,201,41 dijo que responsabilizar al hombre es un asunto político,24
0.780066728591919,201,41 dijo que responsabilizar al hombre es un asunto político,24
0.780066728591919,201,41 dijo que responsabilizar al hombre es un asunto político,24
0.780066728591919,201,41 dijo que responsabilizar al hombre es un asunto político,24
0.780066728591919,201,41 dijo que responsabilizar al hombre es un asunto político,24
0.780066728591919,201,41 dijo que responsabilizar al hombre es un asunto político,24
0.780066728591919,201,41 dijo que responsabilizar al hombre es un asunto político,24
0.780066728591919,201,41 dijo que responsabilizar al hombre es un asunto político,24
0.780066728591919,201,41 dijo que responsabilizar al hombre es un asunto político,24
0.780066728591919,201,41 dijo que responsabilizar al hombre es un asunto político,24
0.780066728591919,201,41 dijo que responsabilizar al hombre es un asunto político,24
0.780066728591919,201,41 dijo que responsabilizar al hombre es un asunto político,24
0.780066728591919,201,41 dijo que responsabilizar al hombre es un asunto político,24
0.780066728591919,201,41 dijo que responsabilizar al hombre es un asunto político,24
0.780066728591919,201,41 dijo que responsabilizar al hombre es un asunto político,24
0.780066728591919,201,41 dijo que responsabilizar al hombre es un asunto político,24
0.780066728591919,201,41 dijo que responsabilizar al hombre es un asunto político,24
0.780066728591919,201,41 dijo que responsabilizar al hombre es un asunto político,24
0.780066728591919,201,41 dijo que responsabilizar al hombre es un asunto político,24
0.780066728591919,201,41 dijo que responsabilizar al hombre es un asunto político,24
0.780066728591919,201,41 dijo que responsabilizar al hombre es un asunto político,24
0.780066728591919,201,41 dijo que responsabilizar al hombre es un asunto político,24
0.780066728591919,201,41 dijo que responsabilizar al hombre es un asunto político,24
0.780066728591919,201,41 dijo que responsabilizar al hombre es un asunto político,24
0.780066728591919,201,41 dijo que responsabilizar al hombre es un asunto político,24
0.780066728591919,201,41 dijo que responsabilizar al hombre es un asunto político,24
0.780066728591919,201,41 dijo que responsabilizar al hombre es un asunto político,24
0.780066728591919,201,41 dijo que responsabilizar al hombre es un asunto político,24
0.780066728591919,201,41 dijo que responsabilizar al hombre es un asunto político,24
0.780066728591919,201,41 dijo que responsabilizar al hombre es un asunto político,24
0.780066728591919,201,41 dijo que responsabilizar al hombre es un asunto político,24
0.780066728591919,201,41 dijo que responsabilizar al hombre es un asunto político,24
0.780066728591919,201,41 dijo que responsabilizar al hombre es un asunto político,24
0.780066728591919,201,41 dijo que responsabilizar al hombre es un asunto político,24
0.780066728591919,201,41 dijo que responsabilizar al hombre es un asunto político,24
0.780066728591919,201,41 dijo que responsabilizar al hombre es un asunto político,24
0.780066728591919,201,41 dijo que responsabilizar al hombre es un asunto político,24
0.780066728591919,201,41 dijo que responsabilizar al hombre es un asunto político,24
0.780066728591919,201,41 dijo que responsabilizar al hombre es un asunto político,24
0.780066728591919,201,41 dijo que responsabilizar al hombre es un asunto político,24
0.780066728591919,201,41 dijo que responsabilizar al hombre es un asunto político,24
0.780066728591919,201,41 dijo que responsabilizar al hombre es un asunto político,24
0.780066728591919,201,41 dijo que responsabilizar al hombre es un asunto político,24
0.780066728591919,201,41 dijo que responsabilizar al hombre es un asunto político,24
0.780066728591919,201,41 dijo que responsabilizar al hombre es un asunto político,24
0.780066728591919,201,41 dijo que responsabilizar al hombre es un asunto político,24
0.780066728591919,201,41 dijo que responsabilizar al hombre es un asunto político,24
0.780066728591919,201,41 dijo que responsabilizar al hombre es un asunto político,24
0.780066728591919,201,41 dijo que responsabilizar al hombre es un asunto político,24
0.780066728591919,201,41 dijo que responsabilizar al hombre es un asunto político,24
0.780066728591919,201,41 dijo que responsabilizar al hombre es un asunto político,24
0.780066728591919,201,41 dijo que responsabilizar al hombre es un asunto político,24
0.780066728591919,201,41 dijo que responsabilizar al hombre es un asunto político,24
0.780066728591919,201,41 dijo que responsabilizar al hombre es un asunto político,24
0.780066728591919,201,41 dijo que responsabilizar al hombre es un asunto político,24
0.780066728591919,201,41 dijo que responsabilizar al hombre es un asunto político,24
0.780066728591919,201,41 dijo que responsabilizar al hombre es un asunto político,24
0.780066728591919,201,41 dijo que responsabilizar al hombre es un asunto político,24
0.780066728591919,201,41 dijo que responsabilizar al hombre es un asunto político,24
0.780066728591919,201,41 dijo que responsabilizar al hombre es un asunto político,24
0.780066728591919,201,41 dijo que responsabilizar al hombre es un asunto político,24
0.780066728591919,201,41 dijo que responsabilizar al hombre es un asunto político,24
0.780066728591919,201,41 dijo que responsabilizar al hombre es un asunto político,24
0.780066728591919,201,41 dijo que responsabilizar al hombre es un asunto político,24
0.780066728591919,201,41 dijo que responsabilizar al hombre es un asunto político,24
0.780066728591919,201,41 dijo que responsabilizar al hombre es un asunto político,24
0.780066728591919,201,41 dijo que responsabilizar al hombre es un asunto político,24
0.780066728591919,201,41 dijo que responsabilizar al hombre es un asunto político,24
0.780066728591919,201,41 dijo que responsabilizar al hombre es un asunto político,24
0.780066728591919,201,41 dijo que responsabilizar al hombre es un asunto político,24
0.780066728591919,201,41 dijo que responsabilizar al hombre es un asunto político,24
0.780066728591919,201,41 dijo que responsabilizar al hombre es un asunto político,24
0.780066728591919,201,41 dijo que responsabilizar al hombre es un asunto político,24
0.780066728591919,201,41 dijo que responsabilizar al hombre es un asunto político,24
0.780066728591919,201,41 dijo que responsabilizar al hombre es un asunto político,24
0.780066728591919,201,41 dijo que responsabilizar al hombre es un asunto político,24
0.780066728591919,201,41 dijo que responsabilizar al hombre es un asunto político,24
0.780066728591919,201,41 dijo que responsabilizar al hombre es un asunto político,24
0.780066728591919,201,41 dijo que responsabilizar al hombre es un asunto político,24
0.780066728591919,201,41 dijo que responsabilizar al hombre es un asunto político,24
0.780066728591919,201,41 dijo que responsabilizar al hombre es un asunto político,24
0.780066728591919,201,41 dijo que responsabilizar al hombre es un asunto político,24
0.780066728591919,201,41 dijo que responsabilizar al hombre es un asunto político,24
0.780066728591919,201,41 dijo que responsabilizar al hombre es un asunto político,24
0.780066728591919,201,41 dijo que responsabilizar al hombre es un asunto político,24
0.780066728591919,201,41 dijo que responsabilizar al hombre es un asunto político,24
0.780066728591919,201,41 dijo que responsabilizar al hombre es un asunto político,24
0.780066728591919,201,41 dijo que responsabilizar al hombre es un asunto político,24
0.780066728591919,201,41 dijo que responsabilizar al hombre es un asunto político,24
0.780066728591919,201,41 dijo que responsabilizar al hombre es un asunto político,24
0.780066728591919,201,41 dijo que responsabilizar al hombre es un asunto político,24
0.780066728591919,201,41 dijo que responsabilizar al hombre es un asunto político,24
0.780066728591919,201,41 dijo que responsabilizar al hombre es un asunto político,24
0.780066728591919,201,41 dijo que responsabilizar al hombre es un asunto político,24
0.780066728591919,201,41 dijo que responsabilizar al hombre es un asunto político,24
0.780066728591919,201,41 dijo que responsabilizar al hombre es un asunto político,24
0.780066728591919,201,41 dijo que responsabilizar al hombre es un asunto político,24
0.780066728591919,201,41 dijo que responsabilizar al hombre es un asunto político,24
0.780066728591919,201,41 dijo que responsabilizar al hombre es un asunto político,24
0.780066728591919,201,41 dijo que responsabilizar al hombre es un asunto político,24
0.780066728591919,201,41 dijo que responsabilizar al hombre es un asunto político,24
0.780066728591919,201,41 dijo que responsabilizar al hombre es un asunto político,24
0.780066728591919,201,41 dijo que responsabilizar al hombre es un asunto político,24
0.780066728591919,201,41 dijo que responsabilizar al hombre es un asunto político,24
0.780066728591919,201,41 dijo que responsabilizar al hombre es un asunto político,24
0.780066728591919,201,41 dijo que responsabilizar al hombre es un asunto político,24
0.780066728591919,201,41 dijo que responsabilizar al hombre es un asunto político,24
0.780066728591919,201,41 dijo que responsabilizar al hombre es un asunto político,24
0.780066728591919,201,41 dijo que responsabilizar al hombre es un asunto político,24
0.780066728591919,201,41 dijo que responsabilizar al hombre es un asunto político,24
0.780066728591919,201,41 dijo que responsabilizar al hombre es un asunto político,24
0.780066728591919,201,41 dijo que responsabilizar al hombre es un asunto político,24
0.780066728591919,201,41 dijo que responsabilizar al hombre es un asunto político,24
0.780066728591919,201,41 dijo que responsabilizar al hombre es un asunto político,24
0.780066728591919,201,41 dijo que responsabilizar al hombre es un asunto político,24
0.780066728591919,201,41 dijo que responsabilizar al hombre es un asunto político,24
0.780066728591919,201,41 dijo que responsabilizar al hombre es un asunto político,24
0.780066728591919,201,41 dijo que responsabilizar al hombre es un asunto político,24
0.780066728591919,201,41 dijo que responsabilizar al hombre es un asunto político,24
0.780066728591919,201,41 dijo que responsabilizar al hombre es un asunto político,24
0.780066728591919,201,41 dijo que responsabilizar al hombre es un asunto político,24
0.780066728591919,201,41 dijo que responsabilizar al hombre es un asunto político,24
0.780066728591919,201,41 dijo que responsabilizar al hombre es un asunto político,24
0.780066728591919,201,41 dijo que responsabilizar al hombre es un asunto político,24
0.780066728591919,201,41 dijo que responsabilizar al hombre es un asunto político,24
0.780066728591919,201,41 dijo que responsabilizar al hombre es un asunto político,24
0.780066728591919,201,41 dijo que responsabilizar al hombre es un asunto político,24
0.780066728591919,201,41 dijo que responsabilizar al hombre es un asunto político,24
0.780066728591919,201,41 dijo que responsabilizar al hombre es un asunto político,24
0.780066728591919,201,41 dijo que responsabilizar al hombre es un asunto político,24
0.780066728591919,201,41 dijo que responsabilizar al hombre es un asunto político,24
0.780066728591919,201,41 dijo que responsabilizar al hombre es un asunto político,24
0.780066728591919,201,41 dijo que responsabilizar al hombre es un asunto político,24
0.780066728591919,201,41 dijo que responsabilizar al hombre es un asunto político,24
0.780066728591919,201,41 dijo que responsabilizar al hombre es un asunto político,24
0.780066728591919,201,41 dijo que responsabilizar al hombre es un asunto político,24
0.780066728591919,201,41 dijo que responsabilizar al hombre es un asunto político,24
0.780066728591919,201,41 dijo que responsabilizar al hombre es un asunto político,24
0.780066728591919,201,41 dijo que responsabilizar al hombre es un asunto político,24
0.780066728591919,201,41 dijo que responsabilizar al hombre es un asunto político,24
0.780066728591919,201,41 dijo que responsabilizar al hombre es un asunto político,24
0.780066728591919,201,41 dijo que responsabilizar al hombre es un asunto político,24
0.780066728591919,201,41 dijo que responsabilizar al hombre es un asunto político,24
